{
    "loss": 13.159219741821289,
    "accuracy": 0.6133333444595337
}