{
    "loss": 13.903395652770996,
    "accuracy": 0.6133333444595337
}